{"position": [-0.4277457333, 0.0, 1.5430403191, 0.4277457333, 0.0, 1.5430403191, 0.4277457333, 0.0, -0.1679426141, -0.4277457333, 0.0, 1.5430403191, 0.4277457333, 0.0, -0.1679426141, -0.4277457333, 0.0, -0.1679426141], "normal": [-0.0, 1.0, 0.0, -0.0, 1.0, 0.0, -0.0, 1.0, 0.0, -0.0, 1.0, 0.0, -0.0, 1.0, 0.0, -0.0, 1.0, 0.0], "uv": [0.0, 0.0, 1.0, 0.0, 1.0, 1.0, 0.0, 0.0, 1.0, 1.0, 0.0, 1.0]}