{"position": [0.5180431366, 6.6235281372, -1.4693e-06, -4.6741978455, 2.6423810005, -1.4693e-06, -4.4422860718, 4.5620945549, -1.4693e-06, 7.565581398, -0.1147961426, -1.6302e-06, -4.6741978455, 2.6423810005, -1.4693e-06, 8.235551033, 4.4719033241, -1.4693e-06, -4.4422860718, 4.5620945549, -1.4693e-06, -1.6851125336, 6.7523720169, -1.4693e-06, 0.5180431366, 6.6235281372, -1.4693e-06, 7.565581398, -0.1147961426, -1.6302e-06, -3.0508154297, -0.1147920227, -1.6302e-06, -4.6741978455, 2.6423810005, -1.4693e-06, 6.7538912201, 5.8376051903, -1.4693e-06, -4.6741978455, 2.6423810005, -1.4693e-06, 0.5180431366, 6.6235281372, -1.4693e-06, 6.7538912201, 5.8376051903, -1.4693e-06, 8.235551033, 4.4719033241, -1.4693e-06, -4.6741978455, 2.6423810005, -1.4693e-06], "normal": [-0.0, -0.0, -1.0, -0.0, -0.0, -1.0, -0.0, -0.0, -1.0, -5.1e-09, 3.58e-08, -1.0, -5.1e-09, 3.58e-08, -1.0, -5.1e-09, 3.58e-08, -1.0, -0.0, -0.0, -1.0, -0.0, -0.0, -1.0, -0.0, -0.0, -1.0, 0.0, 5.84e-08, -1.0, 0.0, 5.84e-08, -1.0, 0.0, 5.84e-08, -1.0, 0.0, -0.0, -1.0, 0.0, -0.0, -1.0, 0.0, -0.0, -1.0, -0.0, 0.0, -1.0, -0.0, 0.0, -1.0, -0.0, 0.0, -1.0], "uv": [0.31771034, 0.383895278, 0.0389143229, 0.1701285839, 0.0513666868, 0.2732071877, 0.6961262226, 0.0220826864, 0.0389143229, 0.1701285839, 0.7321000099, 0.2683643103, 0.0513666868, 0.2732071877, 0.1994124651, 0.3908135891, 0.31771034, 0.383895278, 0.6961262226, 0.0220826864, 0.1260814667, 0.0220828056, 0.0389143229, 0.1701285839, 0.6525427103, 0.3416954279, 0.0389143229, 0.1701285839, 0.31771034, 0.383895278, 0.6525427103, 0.3416954279, 0.7321000099, 0.2683643103, 0.0389143229, 0.1701285839]}